id,dTime,energy_power
1001,20210515-00:00,8.837693423560175
1002,20210515-00:00,12.316495722415588
1003,20210515-00:00,-19.473409678988304
2000,20210515-00:00,1.6807764483355314
2001,20210515-00:00,0.6423728412902066
1001,20210515-01:00,8.476749893194699
